Fecha;B1;B2;B3;B4;B5;E1;E2
13/02/2004;32;16;29;41;36;9;7
20/02/2004;13;50;47;7;39;2;5
27/02/2004;37;19;18;14;31;5;4
05/03/2004;39;37;4;7;33;5;1
12/03/2004;44;47;15;28;24;4;5
19/03/2004;42;45;33;37;36;9;4
26/03/2004;23;43;3;4;10;2;4
02/04/2004;4;24;12;36;27;2;9
09/04/2004;23;19;10;1;4;2;8
16/04/2004;28;40;14;15;35;3;1
23/04/2004;45;21;6;49;10;5;3
30/04/2004;27;16;6;5;23;7;6
07/05/2004;38;36;15;16;21;1;5
14/05/2004;32;3;1;39;21;2;6
21/05/2004;37;39;29;15;49;4;9
28/05/2004;41;44;6;35;11;6;5
04/06/2004;41;42;34;13;9;7;3
11/06/2004;7;2;47;10;8;1;7
18/06/2004;28;2;40;23;43;6;2
25/06/2004;30;21;35;3;34;1;2
02/07/2004;4;28;24;23;34;1;3
09/07/2004;44;19;5;12;2;8;9
16/07/2004;26;50;31;24;38;8;5
23/07/2004;10;27;7;34;31;8;3
30/07/2004;50;10;9;19;37;6;1
06/08/2004;5;35;44;15;24;6;5
13/08/2004;27;20;41;43;50;8;5
20/08/2004;27;10;35;9;6;6;8
27/08/2004;28;1;44;22;11;1;9
03/09/2004;14;12;15;34;8;7;6
10/09/2004;5;38;36;25;33;5;2
17/09/2004;41;39;15;18;29;8;5
24/09/2004;48;21;26;27;44;1;7
01/10/2004;48;20;45;21;12;6;5
08/10/2004;12;10;48;1;16;2;6
15/10/2004;37;21;14;43;22;5;8
22/10/2004;9;25;1;40;23;3;9
29/10/2004;32;1;38;35;8;9;4
05/11/2004;25;42;49;19;6;1;7
12/11/2004;12;13;4;32;11;9;3
19/11/2004;37;29;34;18;1;6;2
26/11/2004;24;1;34;4;36;8;6
03/12/2004;15;42;11;1;49;4;3
10/12/2004;3;13;43;1;16;7;2
17/12/2004;49;22;19;15;46;9;2
24/12/2004;3;27;29;4;37;6;5
31/12/2004;8;7;47;25;24;8;9
07/01/2005;50;27;47;3;23;3;2
14/01/2005;11;14;29;6;19;3;1
21/01/2005;12;14;10;26;24;8;5
28/01/2005;26;21;7;43;45;5;7
04/02/2005;11;1;40;30;8;7;8
11/02/2005;11;13;25;32;50;7;4
18/02/2005;32;46;20;21;26;8;9
25/02/2005;43;3;27;44;30;8;4
04/03/2005;12;32;37;39;24;7;9
11/03/2005;40;12;43;23;8;1;4
18/03/2005;48;39;23;6;43;5;7
25/03/2005;29;33;38;4;37;9;6
01/04/2005;26;44;47;25;41;3;7
08/04/2005;31;50;25;11;7;3;1
15/04/2005;6;31;42;38;28;9;3
22/04/2005;13;10;24;47;3;9;5
29/04/2005;42;35;9;3;39;1;8
06/05/2005;44;21;12;7;26;6;8
13/05/2005;12;40;31;17;32;9;2
20/05/2005;28;6;47;7;13;8;5
27/05/2005;50;48;31;2;24;9;4
03/06/2005;8;11;3;17;50;5;1
10/06/2005;37;32;47;7;6;7;1
17/06/2005;8;4;10;21;18;7;1
24/06/2005;6;15;8;14;45;7;8
01/07/2005;23;28;5;4;25;3;4
08/07/2005;42;46;36;35;49;8;2
15/07/2005;42;23;1;11;12;6;3
22/07/2005;49;14;41;3;48;1;4
29/07/2005;50;3;19;49;26;5;4
05/08/2005;21;11;2;22;30;4;6
12/08/2005;37;23;40;15;30;7;9
19/08/2005;41;29;11;24;31;3;1
26/08/2005;29;35;40;41;9;6;1
02/09/2005;43;3;4;50;14;3;6
09/09/2005;31;12;50;19;8;7;6
16/09/2005;19;38;12;13;21;3;9
23/09/2005;1;31;34;26;47;4;9
30/09/2005;11;50;48;6;47;1;6
07/10/2005;26;44;21;13;2;3;9
14/10/2005;10;19;11;23;20;6;1
21/10/2005;19;14;33;1;29;1;8
28/10/2005;14;50;47;44;36;3;5
04/11/2005;38;42;36;37;26;2;6
11/11/2005;41;16;36;42;15;5;3
18/11/2005;34;17;18;48;25;3;2
25/11/2005;27;39;47;6;1;6;1
02/12/2005;1;30;20;9;23;4;7
09/12/2005;11;42;38;35;18;1;5
16/12/2005;2;18;3;15;32;7;6
23/12/2005;31;42;37;36;15;1;7
30/12/2005;19;45;43;8;16;1;4
06/01/2006;6;26;14;9;2;4;5
13/01/2006;12;19;33;34;8;1;6
20/01/2006;15;12;50;33;44;6;2
27/01/2006;9;21;15;40;49;4;1
03/02/2006;30;39;9;21;50;3;1
10/02/2006;5;38;6;48;50;6;7
17/02/2006;4;23;38;24;26;4;2
24/02/2006;18;19;1;47;11;7;3
03/03/2006;5;44;10;8;3;3;5
10/03/2006;1;33;21;45;49;4;8
17/03/2006;50;44;5;45;32;7;1
24/03/2006;17;47;28;33;35;4;9
31/03/2006;50;3;45;20;31;7;6
07/04/2006;13;12;29;50;44;4;5
14/04/2006;34;35;26;16;49;6;2
21/04/2006;46;1;22;20;37;1;9
28/04/2006;17;5;33;22;10;7;5
05/05/2006;8;50;16;4;14;9;3
12/05/2006;23;5;20;34;50;1;5
19/05/2006;49;34;25;3;5;8;5
26/05/2006;21;41;12;2;49;3;7
02/06/2006;41;7;48;27;8;6;1
09/06/2006;3;34;39;15;12;4;6
16/06/2006;26;36;1;16;30;9;3
23/06/2006;44;30;9;21;43;9;1
30/06/2006;16;6;15;40;43;1;2
07/07/2006;35;9;7;43;18;7;5
14/07/2006;1;31;7;17;36;8;2
21/07/2006;50;4;38;2;9;8;6
28/07/2006;3;43;29;8;12;6;7
04/08/2006;26;15;32;14;1;7;3
11/08/2006;47;31;46;28;27;5;2
18/08/2006;37;40;50;12;39;1;2
25/08/2006;47;10;28;48;40;8;6
01/09/2006;25;50;7;45;3;9;6
08/09/2006;12;10;32;33;1;8;1
15/09/2006;10;49;26;6;16;7;9
22/09/2006;30;45;49;29;10;8;3
29/09/2006;1;3;24;6;18;5;8
06/10/2006;5;35;11;22;38;7;8
13/10/2006;2;32;38;41;25;5;3
20/10/2006;10;34;47;19;45;6;3
27/10/2006;3;50;44;4;8;8;7
03/11/2006;13;11;44;24;49;9;3
10/11/2006;36;30;14;27;21;2;3
17/11/2006;36;12;33;22;32;2;6
24/11/2006;8;5;40;25;17;5;1
01/12/2006;16;37;8;41;4;2;5
08/12/2006;47;36;17;16;18;1;2
15/12/2006;35;37;9;42;23;3;7
22/12/2006;20;11;43;9;38;2;3
29/12/2006;14;9;6;13;35;3;4
05/01/2007;17;45;36;29;19;6;5
12/01/2007;14;8;25;19;11;3;5
19/01/2007;27;5;13;33;42;4;2
26/01/2007;38;11;23;15;30;4;9
02/02/2007;36;14;27;23;30;1;6
09/02/2007;36;16;46;30;14;8;2
16/02/2007;19;39;20;50;8;6;9
23/02/2007;20;2;22;18;15;5;2
02/03/2007;3;16;48;34;38;8;5
09/03/2007;43;25;3;2;48;9;6
16/03/2007;45;4;31;49;14;9;4
23/03/2007;43;17;5;40;13;3;1
30/03/2007;19;9;46;17;41;1;8
06/04/2007;41;48;29;23;15;6;3
13/04/2007;20;41;38;7;25;3;7
20/04/2007;41;26;32;45;23;3;7
27/04/2007;44;18;7;36;27;1;2
04/05/2007;17;41;35;6;45;1;5
11/05/2007;12;26;49;7;29;6;2
18/05/2007;49;37;34;26;39;2;6
25/05/2007;49;26;50;29;25;8;7
01/06/2007;22;41;42;37;6;6;9
08/06/2007;15;17;25;45;1;8;2
15/06/2007;5;14;40;7;21;3;8
22/06/2007;22;17;16;11;34;5;6
29/06/2007;28;8;33;45;12;1;3
06/07/2007;39;41;4;19;5;9;8
13/07/2007;13;9;31;15;48;6;3
20/07/2007;50;26;10;21;25;9;4
27/07/2007;4;29;21;1;41;8;7
03/08/2007;41;33;37;30;10;1;8
10/08/2007;40;43;49;42;23;6;2
17/08/2007;2;13;42;3;38;7;8
24/08/2007;16;3;42;1;48;2;3
31/08/2007;22;37;23;18;6;6;5
07/09/2007;42;3;34;2;33;5;3
14/09/2007;33;29;5;9;11;7;9
21/09/2007;35;37;17;1;32;8;1
28/09/2007;22;34;44;30;35;4;5
05/10/2007;20;27;35;44;11;5;2
12/10/2007;36;47;21;32;46;3;4
19/10/2007;7;18;34;35;40;7;8
26/10/2007;20;7;38;40;43;8;1
02/11/2007;40;16;3;19;18;2;1
09/11/2007;14;25;36;5;22;6;5
16/11/2007;23;18;33;37;9;1;8
23/11/2007;22;2;48;29;10;9;3
30/11/2007;38;20;12;19;30;9;7
07/12/2007;48;43;4;2;32;1;7
14/12/2007;8;30;36;25;44;4;3
21/12/2007;37;7;44;28;9;7;6
28/12/2007;45;31;20;22;21;9;7
04/01/2008;41;24;10;12;25;3;5
11/01/2008;24;36;50;8;49;4;8
18/01/2008;46;40;16;14;23;8;4
25/01/2008;2;19;9;45;6;7;8
01/02/2008;30;49;45;47;22;4;9
08/02/2008;17;38;28;44;30;1;4
15/02/2008;27;45;12;29;46;7;4
22/02/2008;46;50;4;27;32;8;9
29/02/2008;37;47;49;40;12;9;2
07/03/2008;14;17;7;35;2;6;1
14/03/2008;13;48;35;21;25;4;8
21/03/2008;10;2;22;18;36;6;4
28/03/2008;39;9;29;5;17;3;6
04/04/2008;18;37;47;13;11;6;1
11/04/2008;50;30;25;45;6;5;7
18/04/2008;27;6;7;50;3;5;9
25/04/2008;4;30;26;19;27;8;3
02/05/2008;26;48;45;37;2;8;4
09/05/2008;8;9;42;40;45;7;6
16/05/2008;6;38;9;25;15;4;9
23/05/2008;5;38;9;19;21;1;7
30/05/2008;14;20;49;7;5;8;2
06/06/2008;21;40;19;50;7;2;9
13/06/2008;16;37;44;50;13;9;1
20/06/2008;11;8;36;37;45;3;5
27/06/2008;20;44;5;50;26;5;7
04/07/2008;19;22;48;7;27;7;5
11/07/2008;37;19;11;13;9;3;4
18/07/2008;16;14;44;10;29;6;5
25/07/2008;29;7;15;24;11;7;2
01/08/2008;25;40;22;50;1;1;8
08/08/2008;15;5;16;45;4;7;4
15/08/2008;18;11;17;26;31;6;5
22/08/2008;50;27;29;39;7;7;5
29/08/2008;2;20;37;25;39;8;5
05/09/2008;17;12;39;16;7;3;8
12/09/2008;23;33;37;19;50;7;3
19/09/2008;14;16;19;31;20;9;6
26/09/2008;31;29;33;14;37;2;1
03/10/2008;4;38;13;19;23;2;3
10/10/2008;15;31;22;4;41;6;1
17/10/2008;50;12;10;3;42;1;5
24/10/2008;45;7;15;16;17;6;9
31/10/2008;34;25;3;41;18;5;2
07/11/2008;9;1;17;12;18;3;4
14/11/2008;14;26;10;8;21;4;3
21/11/2008;50;49;21;9;14;8;3
28/11/2008;8;25;11;41;16;4;2
05/12/2008;35;8;21;45;4;5;8
12/12/2008;2;19;42;28;49;7;2
19/12/2008;29;50;46;28;40;5;7
26/12/2008;44;26;2;1;50;1;7
02/01/2009;48;30;29;37;36;1;6
09/01/2009;22;7;15;28;48;4;1
16/01/2009;50;22;17;3;49;3;6
23/01/2009;36;49;33;40;32;2;8
30/01/2009;4;34;35;46;29;5;8
06/02/2009;36;30;20;40;10;3;5
13/02/2009;33;36;40;22;42;1;2
20/02/2009;13;48;9;12;14;1;2
27/02/2009;9;44;5;37;45;9;6
06/03/2009;13;35;25;17;19;5;6
13/03/2009;36;42;26;12;24;1;4
20/03/2009;31;12;35;23;16;4;6
27/03/2009;25;42;36;33;38;6;7
03/04/2009;46;24;32;20;2;1;9
10/04/2009;37;14;9;46;16;2;4
17/04/2009;7;4;21;44;47;1;5
24/04/2009;21;4;24;14;41;5;8
01/05/2009;38;47;31;19;5;3;5
08/05/2009;4;29;23;31;24;9;8
15/05/2009;19;8;42;18;20;5;9
22/05/2009;43;4;14;33;13;6;1
29/05/2009;30;47;2;37;5;6;3
05/06/2009;35;19;40;26;11;2;5
12/06/2009;50;14;6;16;34;6;4
19/06/2009;20;17;16;4;29;7;5
26/06/2009;21;6;11;39;30;8;2
03/07/2009;29;47;46;34;21;6;8
10/07/2009;42;20;6;16;46;1;6
17/07/2009;17;50;8;2;32;3;7
24/07/2009;15;47;35;25;14;9;5
31/07/2009;26;9;20;21;5;6;3
07/08/2009;22;10;31;24;20;7;2
14/08/2009;30;5;8;49;24;9;3
21/08/2009;16;42;31;7;4;5;3
28/08/2009;37;41;49;36;8;7;5
04/09/2009;20;39;6;9;38;9;3
11/09/2009;42;15;12;35;43;6;4
18/09/2009;30;16;41;38;6;2;4
25/09/2009;6;21;18;17;34;9;3
02/10/2009;44;29;24;23;22;5;1
09/10/2009;29;11;46;7;50;4;7
16/10/2009;23;30;31;47;12;3;4
23/10/2009;20;6;18;29;31;8;2
30/10/2009;35;9;33;38;40;2;6
06/11/2009;19;43;45;34;11;5;9
13/11/2009;15;25;32;26;13;4;3
20/11/2009;47;9;28;5;43;2;9
27/11/2009;33;15;13;5;8;8;9
04/12/2009;25;30;19;18;44;3;1
11/12/2009;41;43;44;46;20;2;9
18/12/2009;49;30;35;32;14;8;3
25/12/2009;4;17;5;34;14;5;3
01/01/2010;22;24;27;36;9;7;8
08/01/2010;44;5;14;4;46;9;8
15/01/2010;49;50;26;29;11;4;7
22/01/2010;4;44;27;22;36;9;7
29/01/2010;39;43;30;17;9;7;5
05/02/2010;46;38;34;35;39;3;4
12/02/2010;5;45;1;38;18;6;4
19/02/2010;37;12;38;31;43;3;2
26/02/2010;42;11;29;7;18;7;6
05/03/2010;19;18;49;12;43;9;3
12/03/2010;46;1;26;36;33;7;6
19/03/2010;38;28;30;39;10;7;2
26/03/2010;18;37;8;16;43;2;6
02/04/2010;26;18;12;24;45;5;4
09/04/2010;44;23;24;21;7;3;4
16/04/2010;17;11;26;40;9;9;3
23/04/2010;46;3;7;8;43;6;8
30/04/2010;6;36;22;25;24;3;8
07/05/2010;15;21;6;3;32;7;9
14/05/2010;17;31;43;47;1;3;2
21/05/2010;38;19;50;7;30;4;7
28/05/2010;9;31;32;33;4;3;7
04/06/2010;34;42;17;40;4;9;4
11/06/2010;44;2;36;22;24;2;1
18/06/2010;2;29;31;38;32;4;1
25/06/2010;18;1;8;28;31;9;8
02/07/2010;46;41;36;13;12;8;1
09/07/2010;37;9;49;24;39;3;9
16/07/2010;49;46;45;39;38;7;8
23/07/2010;4;13;37;35;46;9;3
30/07/2010;39;11;3;4;28;8;2
06/08/2010;42;28;13;29;25;4;5
13/08/2010;15;9;47;21;4;7;2
20/08/2010;27;31;5;42;40;6;1
27/08/2010;13;6;30;1;49;1;9
03/09/2010;24;49;47;26;13;4;8
10/09/2010;35;41;21;45;17;5;1
17/09/2010;50;27;38;17;29;3;1
24/09/2010;1;16;48;4;40;1;9
01/10/2010;4;27;6;48;1;1;6
08/10/2010;46;35;39;30;9;6;8
15/10/2010;38;31;2;36;43;7;3
22/10/2010;39;5;11;9;4;3;5
29/10/2010;32;22;16;42;20;8;9
05/11/2010;21;23;33;50;40;5;4
12/11/2010;23;47;7;19;29;6;1
19/11/2010;36;12;15;45;32;9;7
26/11/2010;9;41;36;49;28;7;5
03/12/2010;28;32;46;8;19;4;7
10/12/2010;46;2;10;3;33;8;7
17/12/2010;3;35;29;42;20;3;8
24/12/2010;46;19;42;36;38;8;2
31/12/2010;2;24;43;38;34;1;7
07/01/2011;32;22;1;48;50;7;6
14/01/2011;44;2;24;14;39;7;6
21/01/2011;21;11;13;3;18;5;4
28/01/2011;41;24;23;42;13;5;1
04/02/2011;47;35;11;2;24;5;9
11/02/2011;15;14;12;19;23;7;8
18/02/2011;45;3;49;15;2;9;5
25/02/2011;42;45;13;48;12;3;9
04/03/2011;28;41;25;11;27;8;5
11/03/2011;17;24;37;19;46;2;7
18/03/2011;50;13;26;1;20;7;6
25/03/2011;12;21;6;33;27;7;3
01/04/2011;17;33;22;21;4;4;8
08/04/2011;21;47;23;38;50;6;2
15/04/2011;4;41;6;21;39;2;6
22/04/2011;22;45;48;11;36;1;4
29/04/2011;38;40;25;15;41;1;2
06/05/2011;28;16;20;22;11;4;9
10/05/2011;28;3;45;10;15;7;5
13/05/2011;17;47;11;36;9;2;1
17/05/2011;37;20;21;45;46;3;2
20/05/2011;42;25;10;20;14;8;11
24/05/2011;16;23;24;29;26;2;9
27/05/2011;28;9;49;25;17;9;8
31/05/2011;22;9;10;50;1;11;5
03/06/2011;49;40;50;39;4;2;5
07/06/2011;25;38;40;6;36;10;4
10/06/2011;37;20;3;48;19;8;11
14/06/2011;41;19;48;5;12;8;10
17/06/2011;11;22;21;16;44;8;3
21/06/2011;49;50;20;17;35;4;3
24/06/2011;41;20;5;30;16;11;6
28/06/2011;16;15;44;30;50;3;2
01/07/2011;11;23;31;8;46;9;8
05/07/2011;28;47;29;11;49;5;1
08/07/2011;12;13;40;49;23;7;10
12/07/2011;19;17;42;45;38;9;10
15/07/2011;26;6;33;39;34;3;4
19/07/2011;16;3;25;35;26;5;9
22/07/2011;4;50;15;49;23;2;6
26/07/2011;5;1;25;48;22;11;3
29/07/2011;37;38;19;27;12;5;10
02/08/2011;8;33;14;24;5;8;3
05/08/2011;34;32;18;14;13;1;10
09/08/2011;36;24;34;7;23;11;8
12/08/2011;7;20;37;10;27;7;4
16/08/2011;45;18;1;13;17;8;3
19/08/2011;16;6;31;28;14;11;2
23/08/2011;42;50;6;14;4;2;4
26/08/2011;25;45;22;33;12;5;7
30/08/2011;46;8;2;10;19;5;9
02/09/2011;37;12;26;38;44;4;7
06/09/2011;42;35;50;48;47;9;8
09/09/2011;21;5;34;31;28;2;1
13/09/2011;28;32;49;9;30;9;10
16/09/2011;39;2;42;17;8;3;10
20/09/2011;25;38;19;9;36;11;7
23/09/2011;6;33;48;14;34;6;2
27/09/2011;28;18;40;27;35;3;5
30/09/2011;28;15;44;31;5;1;6
04/10/2011;14;16;23;45;38;8;11
07/10/2011;42;34;18;38;26;8;5
11/10/2011;12;16;4;1;48;9;10
14/10/2011;47;23;12;29;32;3;5
18/10/2011;46;18;37;48;23;2;10
21/10/2011;37;19;2;33;46;5;8
25/10/2011;39;28;22;12;27;4;10
28/10/2011;39;16;20;17;50;4;8
01/11/2011;20;45;23;14;46;1;11
04/11/2011;11;14;41;43;50;2;9
08/11/2011;40;15;4;29;1;1;5
11/11/2011;30;18;1;4;23;3;7
15/11/2011;47;17;22;6;45;3;11
18/11/2011;39;44;24;4;12;2;4
22/11/2011;16;40;38;24;18;2;4
25/11/2011;34;14;26;19;28;5;8
29/11/2011;25;50;11;45;41;7;2
02/12/2011;27;40;7;43;30;9;8
06/12/2011;34;21;20;38;19;9;3
09/12/2011;21;12;47;44;29;2;1
13/12/2011;12;37;18;33;7;1;11
16/12/2011;10;2;23;31;5;5;2
20/12/2011;14;48;1;9;12;7;1
23/12/2011;7;21;22;24;28;1;11
27/12/2011;26;21;25;19;44;7;3
30/12/2011;36;44;43;16;50;8;7
03/01/2012;42;30;45;3;49;5;10
06/01/2012;1;6;10;31;12;7;2
10/01/2012;9;4;30;10;40;9;2
13/01/2012;39;13;21;14;27;8;6
17/01/2012;12;44;22;30;31;5;6
20/01/2012;10;28;27;2;22;8;6
24/01/2012;1;20;6;2;36;11;8
27/01/2012;10;19;44;13;39;6;2
31/01/2012;43;34;38;9;45;4;2
03/02/2012;16;20;19;25;28;1;10
07/02/2012;15;3;17;33;28;2;4
10/02/2012;3;14;31;41;8;7;11
14/02/2012;36;14;42;46;27;11;8
17/02/2012;11;4;47;28;38;11;10
21/02/2012;11;24;14;25;29;11;7
24/02/2012;3;7;12;26;34;8;10
28/02/2012;10;48;1;17;33;2;3
02/03/2012;44;5;11;6;30;6;2
06/03/2012;23;47;27;37;24;6;2
09/03/2012;39;36;32;47;3;6;9
13/03/2012;47;1;25;10;43;8;9
16/03/2012;12;4;50;3;23;4;7
20/03/2012;28;30;15;16;46;3;4
23/03/2012;50;15;9;23;31;8;11
27/03/2012;29;36;27;34;24;7;8
30/03/2012;46;17;23;4;36;10;6
03/04/2012;1;8;18;25;30;10;9
06/04/2012;11;35;45;20;30;2;3
10/04/2012;37;27;22;25;36;9;5
13/04/2012;8;39;43;13;26;3;5
17/04/2012;10;28;49;48;33;10;1
20/04/2012;32;41;29;3;6;11;10
24/04/2012;8;24;48;43;9;3;5
27/04/2012;36;43;30;27;20;1;6
01/05/2012;4;15;41;5;19;11;9
04/05/2012;26;41;40;39;3;1;2
08/05/2012;3;34;48;38;21;5;8
11/05/2012;1;17;13;44;38;2;11
15/05/2012;13;2;50;11;26;5;2
18/05/2012;29;50;43;47;13;9;11
22/05/2012;31;32;41;16;37;7;1
25/05/2012;35;12;22;49;46;2;8
29/05/2012;28;17;25;15;8;3;11
01/06/2012;26;2;36;14;4;9;10
05/06/2012;13;49;37;47;34;8;9
08/06/2012;11;22;5;34;40;9;11
12/06/2012;30;26;48;15;8;9;10
15/06/2012;48;38;27;22;10;3;7
19/06/2012;17;20;50;7;35;5;11
22/06/2012;18;14;19;43;49;7;3
26/06/2012;11;22;35;20;1;10;8
29/06/2012;14;17;28;39;29;11;1
03/07/2012;22;7;2;40;27;6;3
06/07/2012;40;42;38;31;32;3;1
10/07/2012;37;1;24;16;3;8;1
13/07/2012;18;46;35;25;8;9;4
17/07/2012;24;2;43;7;46;10;8
20/07/2012;19;23;10;45;49;9;10
24/07/2012;18;25;4;16;44;11;1
27/07/2012;15;48;14;23;21;2;10
31/07/2012;35;39;4;36;29;9;8
03/08/2012;34;35;42;24;46;5;1
07/08/2012;20;50;34;46;27;3;2
10/08/2012;50;21;17;48;11;9;10
14/08/2012;45;16;42;1;38;9;10
17/08/2012;19;25;33;44;28;8;10
21/08/2012;17;5;38;4;48;4;3
24/08/2012;6;5;19;37;12;7;3
28/08/2012;1;26;25;44;18;5;4
31/08/2012;31;28;16;48;33;11;7
04/09/2012;18;39;17;44;11;10;5
07/09/2012;15;35;13;30;42;4;6
11/09/2012;15;6;37;22;44;2;4
14/09/2012;27;10;44;23;3;9;7
18/09/2012;38;7;39;44;6;7;9
21/09/2012;41;4;34;43;19;7;11
25/09/2012;48;25;27;49;7;1;4
28/09/2012;20;23;26;30;33;6;9
02/10/2012;16;42;21;36;4;8;7
05/10/2012;19;16;18;21;9;3;2
09/10/2012;23;8;10;25;2;8;9
12/10/2012;35;7;17;43;6;2;8
16/10/2012;41;10;40;49;32;2;8
19/10/2012;16;40;44;37;29;8;10
23/10/2012;1;35;38;50;28;2;10
26/10/2012;9;5;6;38;27;5;11
30/10/2012;23;44;25;24;31;2;3
02/11/2012;6;10;3;44;11;3;4
06/11/2012;35;25;20;41;7;1;9
09/11/2012;47;28;14;21;22;5;4
13/11/2012;29;11;21;24;16;6;2
16/11/2012;15;19;41;23;10;2;9
20/11/2012;42;28;45;30;49;10;5
23/11/2012;11;20;40;9;1;5;1
27/11/2012;49;44;6;10;23;7;1
30/11/2012;18;23;40;24;10;3;4
04/12/2012;29;5;28;44;10;2;4
07/12/2012;10;18;31;42;16;2;5
11/12/2012;50;4;9;1;43;6;8
14/12/2012;40;29;11;43;10;11;3
18/12/2012;35;14;44;18;20;5;2
21/12/2012;40;5;3;42;22;3;10
25/12/2012;14;20;32;23;18;3;10
28/12/2012;26;49;27;24;17;3;5
01/01/2013;36;49;2;7;8;11;1
04/01/2013;4;10;27;22;41;10;8
08/01/2013;22;26;47;2;20;9;5
11/01/2013;37;22;29;4;41;7;4
15/01/2013;47;42;22;40;38;11;1
18/01/2013;39;26;27;30;4;10;3
22/01/2013;45;10;48;1;44;4;1
25/01/2013;3;10;37;18;31;2;4
29/01/2013;9;16;36;26;39;6;2
01/02/2013;37;5;34;38;21;1;6
05/02/2013;25;6;45;40;31;6;7
08/02/2013;14;44;11;34;9;11;10
12/02/2013;28;25;5;11;16;7;9
15/02/2013;2;4;42;28;22;4;9
19/02/2013;28;30;44;12;15;9;8
22/02/2013;15;37;36;16;28;2;11
26/02/2013;12;13;17;3;30;6;2
01/03/2013;1;11;36;29;42;4;5
05/03/2013;33;31;19;8;39;7;2
08/03/2013;20;42;23;28;3;8;11
12/03/2013;50;4;10;2;22;5;8
15/03/2013;24;14;39;4;21;10;3
19/03/2013;44;32;19;37;35;9;1
22/03/2013;27;32;12;34;49;9;8
26/03/2013;44;30;26;42;4;6;11
29/03/2013;44;30;46;43;13;9;5
02/04/2013;17;12;41;29;25;1;4
05/04/2013;32;1;17;39;11;7;2
09/04/2013;15;44;48;38;35;10;5
12/04/2013;28;45;15;5;10;3;9
16/04/2013;33;50;22;1;11;4;6
19/04/2013;1;46;8;42;48;4;7
23/04/2013;50;4;1;7;10;4;11
26/04/2013;40;38;16;24;11;2;5
30/04/2013;13;50;40;43;36;9;5
03/05/2013;5;49;34;3;40;2;3
07/05/2013;43;27;13;28;42;4;6
10/05/2013;48;35;45;1;32;4;11
14/05/2013;24;7;8;36;27;11;5
17/05/2013;25;24;50;6;20;9;10
21/05/2013;29;19;8;28;7;9;5
24/05/2013;22;17;40;7;27;2;3
28/05/2013;34;38;13;8;26;3;11
31/05/2013;29;43;28;34;27;10;5
04/06/2013;34;33;40;31;37;6;1
07/06/2013;14;26;45;50;7;2;7
11/06/2013;7;9;25;5;41;5;1
14/06/2013;41;25;48;10;47;6;10
18/06/2013;24;33;17;41;44;11;1
21/06/2013;30;11;36;45;10;1;2
25/06/2013;4;13;35;27;5;2;1
28/06/2013;15;1;47;28;35;7;1
02/07/2013;14;13;11;28;30;4;5
05/07/2013;28;4;33;12;15;1;10
09/07/2013;18;16;38;49;31;10;4
12/07/2013;26;42;33;18;32;3;2
16/07/2013;50;34;47;19;23;4;6
19/07/2013;24;35;13;26;16;5;2
23/07/2013;19;14;44;16;15;4;5
26/07/2013;23;38;29;12;49;4;3
30/07/2013;3;14;4;11;43;1;6
02/08/2013;42;36;48;37;21;7;4
06/08/2013;17;47;16;49;31;3;11
09/08/2013;24;4;23;7;9;9;8
13/08/2013;5;20;47;17;50;1;4
16/08/2013;39;20;24;37;27;5;10
20/08/2013;42;11;50;49;5;8;11
23/08/2013;30;37;26;6;1;8;5
27/08/2013;7;40;38;43;30;6;2
30/08/2013;45;25;17;36;2;5;9
03/09/2013;5;18;16;42;9;7;9
06/09/2013;25;11;32;23;37;7;4
10/09/2013;7;28;30;14;11;2;10
13/09/2013;14;27;6;4;33;10;5
17/09/2013;44;17;21;42;13;11;9
20/09/2013;5;11;38;35;45;2;3
24/09/2013;43;20;10;28;26;9;11
27/09/2013;41;15;11;38;43;6;2
01/10/2013;19;44;48;25;23;9;8
04/10/2013;50;35;6;24;20;5;10
08/10/2013;23;24;33;42;26;5;3
11/10/2013;6;17;23;12;43;5;9
15/10/2013;39;18;27;43;47;7;4
18/10/2013;25;36;47;46;5;2;6
22/10/2013;39;33;29;44;41;9;11
25/10/2013;2;31;38;3;10;6;10
29/10/2013;32;9;10;30;37;6;2
01/11/2013;19;33;29;30;7;3;8
05/11/2013;35;38;12;13;6;2;3
08/11/2013;35;20;42;43;28;8;10
12/11/2013;29;48;40;37;14;11;2
15/11/2013;13;42;3;15;29;4;1
19/11/2013;45;14;19;36;15;1;10
22/11/2013;40;26;13;25;50;8;9
26/11/2013;44;27;23;42;19;5;3
29/11/2013;10;23;7;2;43;4;7
03/12/2013;32;6;29;15;13;2;9
06/12/2013;18;31;36;2;1;7;10
10/12/2013;49;50;24;6;35;7;1
13/12/2013;24;22;23;1;31;6;11
17/12/2013;41;6;8;37;27;7;10
20/12/2013;13;22;17;43;12;10;3
24/12/2013;5;31;43;50;19;6;2
27/12/2013;1;22;6;13;28;10;5
31/12/2013;29;45;24;20;13;7;3
03/01/2014;3;44;27;38;31;3;8
07/01/2014;2;45;20;27;33;6;10
10/01/2014;1;27;2;11;29;10;1
14/01/2014;25;18;20;26;37;11;10
17/01/2014;26;19;33;42;32;10;4
21/01/2014;4;42;35;48;12;5;8
24/01/2014;19;41;35;34;5;1;5
28/01/2014;18;23;48;20;42;2;9
31/01/2014;10;15;31;8;16;8;9
04/02/2014;37;1;33;21;38;8;4
07/02/2014;17;19;47;3;46;9;10
11/02/2014;47;25;8;17;41;1;2
14/02/2014;19;39;4;2;6;2;7
18/02/2014;36;37;26;23;49;6;7
21/02/2014;28;13;17;30;32;5;7
25/02/2014;42;21;25;28;35;6;4
28/02/2014;38;44;32;12;43;2;7
04/03/2014;3;22;5;27;44;6;1
07/03/2014;38;10;40;5;41;1;8
11/03/2014;1;4;44;33;23;8;7
14/03/2014;30;24;6;27;25;9;5
18/03/2014;27;36;34;8;39;5;10
21/03/2014;37;7;39;30;42;7;5
25/03/2014;28;50;26;7;20;8;2
28/03/2014;3;43;19;28;4;3;7
01/04/2014;44;38;18;16;26;10;8
04/04/2014;50;45;28;6;10;10;11
08/04/2014;42;11;29;18;49;11;4
11/04/2014;8;33;30;12;19;4;11
15/04/2014;14;50;47;26;3;7;11
18/04/2014;21;47;31;39;24;3;7
22/04/2014;20;46;15;24;13;8;1
25/04/2014;13;49;44;21;24;9;1
29/04/2014;35;26;18;23;44;3;11
02/05/2014;30;42;4;31;38;11;2
06/05/2014;37;5;19;31;24;9;1
09/05/2014;45;28;3;26;21;10;7
13/05/2014;47;34;13;30;4;6;2
16/05/2014;26;23;37;29;40;4;3
20/05/2014;38;5;36;33;47;4;9
23/05/2014;31;3;47;8;34;11;9
27/05/2014;16;13;26;25;7;1;6
30/05/2014;27;41;24;45;5;7;6
03/06/2014;2;39;32;15;44;5;10
06/06/2014;34;40;25;7;49;9;11
10/06/2014;12;18;21;33;32;1;11
13/06/2014;16;22;28;46;18;11;9
17/06/2014;48;13;37;40;11;8;9
20/06/2014;5;38;49;15;25;1;2
24/06/2014;20;1;7;21;48;4;7
27/06/2014;39;34;45;33;31;2;10
01/07/2014;39;25;18;22;27;5;10
04/07/2014;47;18;43;39;4;6;2
08/07/2014;24;18;22;8;27;11;4
11/07/2014;38;35;5;49;22;7;4
15/07/2014;18;27;15;34;20;1;3
18/07/2014;1;41;43;11;29;3;11
22/07/2014;1;43;50;45;24;5;8
25/07/2014;10;24;9;12;43;5;9
29/07/2014;40;23;35;10;43;9;3
01/08/2014;50;44;46;48;24;10;5
05/08/2014;5;21;42;7;19;11;5
08/08/2014;29;21;35;46;43;1;9
12/08/2014;22;19;7;16;33;5;2
15/08/2014;4;21;30;5;23;10;8
19/08/2014;11;34;47;4;7;7;8
22/08/2014;29;17;49;35;4;1;2
26/08/2014;36;48;45;10;22;11;4
29/08/2014;32;38;26;9;2;3;6
02/09/2014;39;45;25;31;5;8;1
05/09/2014;18;50;23;46;1;9;3
09/09/2014;15;35;19;8;24;10;8
12/09/2014;31;9;33;26;13;7;11
16/09/2014;4;30;35;50;29;4;2
19/09/2014;6;34;8;38;48;9;3
23/09/2014;13;35;14;29;12;1;7
26/09/2014;46;35;47;13;27;1;2
30/09/2014;33;13;15;3;42;5;7
03/10/2014;13;23;50;48;4;10;5
07/10/2014;38;30;21;9;28;8;1
10/10/2014;29;42;47;45;6;9;10
14/10/2014;15;23;32;4;5;7;3
17/10/2014;49;13;48;1;40;8;10
21/10/2014;40;33;27;20;21;3;10
24/10/2014;42;20;3;30;9;6;1
28/10/2014;45;17;40;10;15;1;2
31/10/2014;10;41;13;20;33;9;3
04/11/2014;1;13;6;26;17;3;5
07/11/2014;32;13;38;46;25;10;1
11/11/2014;46;14;36;2;21;11;7
14/11/2014;36;32;38;48;17;8;5
18/11/2014;3;2;36;38;17;11;4
21/11/2014;28;32;7;37;4;5;10
25/11/2014;32;7;36;3;25;1;6
28/11/2014;10;23;6;41;15;10;4
02/12/2014;15;25;3;49;44;9;1
05/12/2014;5;8;48;47;37;3;2
09/12/2014;31;1;3;42;46;11;4
12/12/2014;28;2;15;31;37;4;6
16/12/2014;13;7;3;25;12;5;8
19/12/2014;39;44;23;29;31;5;8
23/12/2014;49;25;9;19;8;10;2
26/12/2014;26;45;27;49;17;2;3
30/12/2014;6;18;39;50;44;11;8
02/01/2015;24;25;49;28;22;3;6
06/01/2015;20;38;30;14;49;4;3
09/01/2015;6;32;45;21;24;1;11
13/01/2015;34;31;21;8;17;10;9
16/01/2015;34;32;29;30;46;6;3
20/01/2015;33;47;15;41;44;10;8
23/01/2015;30;45;29;38;6;8;1
27/01/2015;10;33;5;31;40;10;8
30/01/2015;9;24;15;13;19;3;8
03/02/2015;50;44;17;31;33;11;7
06/02/2015;50;30;10;26;39;8;7
10/02/2015;30;45;20;13;17;9;10
13/02/2015;24;12;39;44;42;3;11
17/02/2015;5;2;18;43;30;10;1
20/02/2015;37;46;10;4;14;4;7
24/02/2015;3;28;25;34;50;1;11
27/02/2015;17;25;14;5;47;10;9
03/03/2015;6;21;13;8;11;8;7
06/03/2015;47;30;49;50;23;7;2
10/03/2015;31;30;2;6;23;10;2
13/03/2015;4;5;22;18;23;3;1
17/03/2015;11;23;44;38;26;8;1
20/03/2015;3;14;42;48;37;1;10
24/03/2015;40;10;39;24;26;3;10
27/03/2015;30;39;32;44;2;10;6
31/03/2015;8;28;20;24;49;8;9
03/04/2015;39;37;49;29;27;4;2
07/04/2015;39;25;50;44;18;8;5
10/04/2015;25;43;22;23;30;5;9
14/04/2015;49;34;32;24;35;2;1
17/04/2015;39;2;34;24;30;11;8
21/04/2015;14;42;17;6;45;8;1
24/04/2015;31;5;40;29;19;3;10
28/04/2015;36;24;28;26;45;10;7
01/05/2015;19;26;20;25;3;6;10
05/05/2015;1;17;10;42;20;9;8
08/05/2015;14;19;49;7;47;10;3
12/05/2015;29;30;14;46;40;3;6
15/05/2015;47;42;44;5;35;9;8
19/05/2015;35;37;31;26;30;11;8
22/05/2015;18;44;35;24;45;5;11
26/05/2015;6;24;7;21;5;6;5
29/05/2015;4;20;48;45;3;8;6
02/06/2015;23;7;41;29;37;1;8
05/06/2015;8;7;2;48;45;9;1
09/06/2015;5;34;17;9;32;8;6
12/06/2015;11;10;37;5;8;9;7
16/06/2015;15;10;36;16;37;3;9
19/06/2015;7;14;20;31;42;9;3
23/06/2015;16;38;4;22;49;6;9
26/06/2015;10;19;6;3;24;5;7
30/06/2015;11;28;15;34;37;1;8
03/07/2015;11;18;44;15;12;3;9
07/07/2015;7;41;33;18;6;10;3
10/07/2015;35;8;15;5;41;5;4
14/07/2015;34;18;36;19;6;1;8
17/07/2015;21;48;22;1;43;9;7
21/07/2015;14;29;44;27;20;10;7
24/07/2015;21;46;2;9;35;2;11
28/07/2015;36;23;49;43;32;8;7
31/07/2015;34;21;16;50;40;6;9
04/08/2015;50;15;39;10;45;10;9
07/08/2015;1;5;21;44;39;4;11
11/08/2015;2;16;3;15;8;4;11
14/08/2015;45;4;44;7;39;3;5
18/08/2015;7;10;19;12;11;2;9
21/08/2015;47;4;16;18;43;10;6
25/08/2015;31;33;50;27;42;5;2
28/08/2015;11;34;30;29;31;4;7
01/09/2015;6;27;45;19;21;8;1
04/09/2015;27;8;45;9;50;8;10
08/09/2015;42;14;40;39;16;1;4
11/09/2015;19;50;10;29;18;9;1
15/09/2015;44;8;15;17;49;5;8
18/09/2015;39;34;33;7;29;8;7
22/09/2015;27;14;23;29;26;7;10
25/09/2015;14;37;30;13;23;8;2
29/09/2015;14;49;26;11;29;3;9
02/10/2015;21;35;7;32;18;11;2
06/10/2015;22;32;29;11;20;1;8
09/10/2015;43;42;47;40;1;9;11
13/10/2015;26;15;12;47;29;11;3
16/10/2015;28;43;7;48;29;3;10
20/10/2015;21;19;30;45;17;8;10
23/10/2015;25;7;32;39;30;2;8
27/10/2015;11;20;25;36;12;9;6
30/10/2015;34;13;17;8;21;6;7
03/11/2015;39;27;49;8;46;2;6
06/11/2015;26;40;38;17;3;4;10
10/11/2015;43;39;13;6;18;2;8
13/11/2015;33;10;18;40;17;8;2
17/11/2015;6;37;23;38;7;11;10
20/11/2015;34;49;30;46;4;8;7
24/11/2015;26;14;17;9;16;10;11
27/11/2015;50;16;30;37;29;6;8
01/12/2015;35;15;45;25;2;10;8
04/12/2015;17;27;18;39;8;7;1
08/12/2015;48;29;12;38;17;9;11
11/12/2015;43;5;21;3;40;11;6
15/12/2015;11;27;35;8;23;4;11
18/12/2015;22;6;26;29;48;5;6
22/12/2015;19;41;18;40;20;7;10
25/12/2015;10;27;40;3;25;9;3
29/12/2015;5;36;32;31;20;6;7
01/01/2016;44;37;38;39;4;4;7
05/01/2016;36;10;6;39;31;6;10
08/01/2016;35;33;26;40;5;3;8
12/01/2016;2;10;30;44;1;1;8
15/01/2016;43;38;19;10;46;1;11
19/01/2016;2;30;38;43;46;7;2
22/01/2016;27;10;30;47;12;9;8
26/01/2016;15;40;24;48;38;2;9
29/01/2016;29;32;23;1;5;1;7
02/02/2016;36;21;10;6;9;6;2
05/02/2016;46;32;27;3;41;4;8
09/02/2016;9;6;13;28;37;4;5
12/02/2016;31;49;28;20;3;5;2
16/02/2016;3;22;50;10;37;6;10
19/02/2016;32;13;14;39;30;3;9
23/02/2016;42;32;23;25;37;11;1
26/02/2016;13;50;5;33;15;9;11
01/03/2016;37;7;28;13;4;11;10
04/03/2016;9;23;40;16;14;1;5
08/03/2016;9;14;23;8;1;7;1
11/03/2016;26;43;1;21;40;9;6
15/03/2016;7;10;5;44;34;10;2
18/03/2016;14;49;21;19;24;5;11
22/03/2016;15;49;12;26;42;5;8
25/03/2016;43;36;12;42;19;8;5
29/03/2016;4;25;19;36;1;3;11
01/04/2016;23;25;2;49;16;6;9
05/04/2016;3;19;40;9;5;5;2
08/04/2016;43;8;49;6;26;10;6
12/04/2016;9;1;5;22;38;10;2
15/04/2016;13;32;37;14;48;1;7
19/04/2016;27;14;44;15;11;7;2
22/04/2016;32;43;26;34;17;2;10
26/04/2016;10;42;17;32;31;2;5
29/04/2016;4;25;28;5;43;6;11
03/05/2016;23;34;8;24;38;3;7
06/05/2016;45;48;40;34;32;10;1
10/05/2016;40;2;26;27;49;10;5
13/05/2016;31;28;42;15;7;10;11
17/05/2016;32;27;39;36;15;3;10
20/05/2016;41;9;30;14;45;4;9
24/05/2016;37;17;34;16;23;9;6
27/05/2016;46;27;13;43;25;4;8
31/05/2016;6;30;26;48;12;6;7
03/06/2016;7;31;39;23;33;6;10
07/06/2016;26;49;19;45;35;2;5
10/06/2016;21;35;42;14;43;7;9
14/06/2016;13;50;42;39;34;11;9
17/06/2016;43;1;18;27;7;8;4
21/06/2016;32;35;17;49;5;5;1
24/06/2016;11;19;39;28;27;3;10
28/06/2016;43;37;32;26;49;5;4
01/07/2016;11;50;13;40;2;10;1
05/07/2016;38;29;10;48;1;4;3
08/07/2016;12;18;8;44;33;8;4
12/07/2016;26;3;41;33;7;2;10
15/07/2016;2;11;14;13;21;1;8
19/07/2016;24;37;19;28;36;6;3
22/07/2016;26;45;24;7;37;9;5
26/07/2016;13;49;10;45;3;11;2
29/07/2016;40;26;50;1;21;4;2
02/08/2016;27;46;38;2;8;2;6
05/08/2016;19;16;24;37;35;2;7
09/08/2016;19;43;44;12;45;10;5
12/08/2016;15;50;36;2;28;11;2
16/08/2016;34;37;46;26;2;4;8
19/08/2016;22;6;5;25;34;7;5
23/08/2016;2;31;45;37;23;8;4
26/08/2016;48;9;30;28;1;7;8
30/08/2016;29;42;13;16;35;6;8
02/09/2016;50;40;16;32;8;2;11
06/09/2016;45;12;34;24;30;7;10
09/09/2016;28;4;11;17;15;1;3
13/09/2016;44;16;4;7;35;3;1
16/09/2016;32;5;22;8;14;2;11
20/09/2016;45;41;4;1;10;9;6
23/09/2016;14;39;42;49;16;9;3
27/09/2016;41;6;13;39;9;2;12
30/09/2016;35;44;17;37;43;10;2
04/10/2016;4;38;7;14;34;4;11
07/10/2016;12;30;27;20;2;11;9
11/10/2016;12;37;20;24;5;4;11
14/10/2016;31;34;19;7;13;11;1
18/10/2016;2;25;17;21;27;9;6
21/10/2016;48;9;23;20;44;10;8
25/10/2016;28;15;21;3;20;5;1
28/10/2016;23;43;10;19;16;8;2
01/11/2016;10;20;6;37;29;9;1
04/11/2016;7;11;12;48;44;7;3
08/11/2016;49;47;9;50;5;9;8
11/11/2016;38;49;3;22;23;9;2
15/11/2016;42;7;15;36;48;3;7
18/11/2016;32;27;12;47;3;8;6
22/11/2016;47;10;5;33;34;10;2
25/11/2016;28;23;5;11;17;10;11
29/11/2016;38;27;21;28;26;11;9
02/12/2016;23;32;6;11;31;2;12
06/12/2016;27;1;7;11;45;9;4
09/12/2016;6;40;37;28;12;1;5
13/12/2016;28;50;48;29;14;8;2
16/12/2016;45;10;6;30;41;11;4
20/12/2016;15;27;13;21;17;3;2
23/12/2016;46;39;16;20;4;5;2
27/12/2016;32;22;39;25;3;7;12
30/12/2016;10;22;29;47;8;1;3
03/01/2017;34;27;49;23;19;11;1
06/01/2017;21;14;49;10;18;9;11
10/01/2017;44;29;35;11;2;4;9
13/01/2017;16;7;50;3;26;4;7
17/01/2017;43;4;25;16;47;10;2
20/01/2017;17;10;27;49;31;3;5
24/01/2017;5;1;23;17;7;3;8
27/01/2017;28;45;20;17;48;9;5
31/01/2017;4;17;44;23;3;6;9
03/02/2017;3;4;50;46;15;9;5
07/02/2017;44;38;4;31;10;10;8
10/02/2017;43;26;7;35;21;9;2
14/02/2017;44;40;24;2;10;3;10
17/02/2017;25;19;33;36;48;2;9
21/02/2017;19;41;49;13;45;4;3
24/02/2017;13;2;43;22;4;8;9
28/02/2017;35;31;10;42;20;2;12
03/03/2017;47;2;11;29;30;12;1
07/03/2017;6;37;50;41;48;5;4
10/03/2017;38;49;31;47;36;8;11
14/03/2017;21;5;44;36;3;3;6
17/03/2017;19;29;36;6;10;9;3
21/03/2017;47;23;20;44;1;11;4
24/03/2017;2;21;17;27;34;5;9
28/03/2017;33;13;46;9;31;6;10
31/03/2017;24;26;45;17;28;4;12
04/04/2017;24;33;9;1;34;2;6
07/04/2017;35;10;2;50;19;7;6
11/04/2017;22;5;31;49;21;8;2
14/04/2017;33;20;4;14;23;6;10
18/04/2017;22;17;45;38;31;12;5
21/04/2017;2;13;22;49;16;4;5
25/04/2017;11;9;32;19;43;3;9
28/04/2017;20;25;30;39;14;8;2
02/05/2017;27;25;19;6;23;12;11
05/05/2017;7;43;30;3;35;1;3
09/05/2017;26;22;16;12;8;7;6
12/05/2017;2;28;29;44;20;3;9
16/05/2017;20;8;30;11;15;3;8
19/05/2017;30;12;9;19;11;9;4
23/05/2017;15;8;42;25;27;1;4
26/05/2017;36;5;39;7;26;2;10
30/05/2017;27;48;38;12;7;9;6
02/06/2017;8;42;33;24;10;9;3
06/06/2017;25;40;20;22;37;7;3
09/06/2017;9;20;27;39;43;10;11
13/06/2017;12;3;22;27;49;11;4
16/06/2017;38;42;15;17;41;9;12
20/06/2017;44;43;11;18;26;8;10
23/06/2017;4;31;21;3;38;3;7
27/06/2017;45;17;21;9;28;1;3
30/06/2017;35;50;39;17;47;6;8
04/07/2017;22;25;10;37;49;8;5
07/07/2017;45;37;20;35;11;3;6
11/07/2017;50;26;42;22;14;8;10
14/07/2017;21;14;20;47;11;10;7
18/07/2017;41;27;1;45;25;7;5
21/07/2017;8;1;26;49;9;9;5
25/07/2017;14;44;43;48;12;11;2
28/07/2017;41;9;31;5;29;4;2
01/08/2017;29;24;21;30;14;10;8
04/08/2017;29;30;41;40;36;9;2
08/08/2017;26;15;40;25;41;4;5
11/08/2017;39;48;28;46;18;12;5
15/08/2017;14;30;46;10;35;4;10
18/08/2017;39;42;24;45;2;2;8
22/08/2017;10;12;17;3;27;3;5
25/08/2017;15;7;1;47;5;9;12
29/08/2017;4;12;32;15;38;1;5
01/09/2017;8;7;3;14;49;5;8
05/09/2017;28;18;29;6;9;9;1
08/09/2017;42;47;24;49;9;1;5
12/09/2017;35;17;29;10;27;4;11
15/09/2017;44;49;13;18;37;9;12
19/09/2017;45;21;1;8;30;3;2
22/09/2017;6;31;39;42;11;3;1
26/09/2017;40;29;1;48;41;12;6
29/09/2017;18;32;7;48;19;3;7
03/10/2017;32;6;50;24;48;1;5
06/10/2017;15;1;9;25;19;1;7
10/10/2017;36;4;37;21;34;6;3
13/10/2017;23;37;50;29;45;5;11
17/10/2017;19;26;17;13;36;2;3
20/10/2017;4;27;23;30;17;3;8
24/10/2017;27;9;33;13;11;10;7
27/10/2017;39;23;16;32;3;1;4
31/10/2017;46;12;43;36;1;3;5
03/11/2017;41;5;33;17;12;4;9
07/11/2017;37;19;41;20;7;12;2
10/11/2017;37;36;29;22;13;1;9
14/11/2017;16;40;39;41;14;8;10
17/11/2017;35;36;26;42;20;5;12
21/11/2017;31;28;10;2;14;7;5
24/11/2017;28;24;50;19;30;10;3
28/11/2017;42;1;12;6;18;2;7
01/12/2017;5;46;29;35;24;11;12
05/12/2017;48;11;44;43;36;2;7
08/12/2017;34;32;22;30;4;4;3
12/12/2017;39;20;37;50;44;4;8
15/12/2017;25;42;30;50;31;11;2
19/12/2017;15;38;46;8;30;4;7
22/12/2017;5;30;24;31;43;3;6
26/12/2017;30;4;17;44;43;10;2
29/12/2017;4;48;8;22;23;1;12
02/01/2018;20;10;21;48;28;1;8
05/01/2018;41;38;20;5;2;4;8
09/01/2018;6;49;38;12;15;9;2
12/01/2018;45;30;21;13;23;6;4
16/01/2018;46;34;31;20;23;3;12
19/01/2018;44;3;17;50;8;2;7
23/01/2018;5;23;8;9;24;7;8
26/01/2018;28;15;24;48;6;9;4
30/01/2018;11;15;35;27;21;5;4
02/02/2018;36;39;34;14;48;2;3
06/02/2018;8;28;17;38;34;6;12
09/02/2018;38;22;31;44;36;11;1
13/02/2018;13;44;10;21;17;10;1
16/02/2018;23;32;50;12;10;10;4
20/02/2018;6;25;14;19;29;11;5
23/02/2018;18;17;28;47;10;3;7
27/02/2018;48;31;3;41;50;11;8
02/03/2018;2;7;34;48;45;1;12
06/03/2018;26;44;20;31;15;2;9
09/03/2018;44;9;14;21;32;12;1
13/03/2018;11;9;13;33;49;12;6
16/03/2018;31;4;27;24;17;11;10
20/03/2018;44;39;29;26;37;9;11
23/03/2018;46;5;50;7;11;11;8
27/03/2018;46;40;20;23;17;9;10
30/03/2018;35;47;28;17;12;7;11
03/04/2018;43;3;40;16;8;8;5
06/04/2018;45;47;29;33;1;4;8
10/04/2018;48;14;39;46;27;11;12
13/04/2018;48;50;34;25;5;7;6
17/04/2018;39;15;33;27;50;6;4
20/04/2018;44;39;3;25;16;11;7
24/04/2018;28;44;30;23;20;3;7
27/04/2018;24;40;12;41;46;5;12
01/05/2018;48;42;15;17;6;4;6
04/05/2018;23;6;12;45;39;12;9
08/05/2018;17;35;25;39;44;5;2
11/05/2018;22;34;3;50;49;11;8
15/05/2018;20;16;4;31;39;2;12
18/05/2018;8;31;5;10;13;6;3
22/05/2018;48;11;1;37;41;8;12
25/05/2018;13;16;15;41;28;4;5
29/05/2018;20;43;6;38;11;4;2
01/06/2018;29;17;40;24;18;4;5
05/06/2018;39;46;9;22;15;5;4
08/06/2018;43;46;8;32;19;8;2
12/06/2018;7;21;23;36;38;6;8
15/06/2018;26;23;49;33;38;1;12
19/06/2018;26;7;19;50;42;9;4
22/06/2018;44;39;41;14;25;8;2
26/06/2018;20;34;16;15;50;7;4
29/06/2018;15;21;40;23;48;3;12
03/07/2018;15;29;12;48;1;5;3
06/07/2018;30;8;48;33;38;10;2
10/07/2018;3;33;26;8;45;10;7
13/07/2018;49;14;4;1;21;2;12
17/07/2018;4;50;6;27;48;1;11
20/07/2018;15;2;43;40;46;3;6
24/07/2018;40;23;2;4;39;3;9
27/07/2018;17;23;11;22;41;11;6
31/07/2018;25;34;20;42;45;6;11
03/08/2018;26;38;36;43;7;12;6
07/08/2018;30;29;28;36;16;10;8
10/08/2018;43;44;20;18;36;9;3
14/08/2018;31;1;15;25;18;9;11
17/08/2018;18;24;2;43;15;8;12
21/08/2018;43;16;49;23;42;12;10
24/08/2018;31;36;50;14;3;12;1
28/08/2018;42;46;4;16;32;12;8
31/08/2018;4;42;30;38;31;4;6
04/09/2018;47;5;28;30;14;11;4
07/09/2018;50;31;27;4;23;1;8
11/09/2018;32;18;9;38;46;2;3
14/09/2018;45;40;33;1;3;4;3
18/09/2018;10;32;45;8;3;4;12
21/09/2018;5;7;37;25;21;3;4
25/09/2018;38;6;20;30;15;4;7
28/09/2018;4;8;50;2;27;2;9
02/10/2018;45;29;37;7;17;11;3
05/10/2018;16;8;26;35;24;11;3
09/10/2018;3;45;44;12;36;11;8
12/10/2018;31;4;12;43;9;8;5
16/10/2018;15;28;42;37;40;1;6
19/10/2018;1;3;47;29;48;12;3
23/10/2018;32;2;1;5;21;12;2
26/10/2018;5;31;18;21;35;6;9
30/10/2018;44;27;23;17;43;1;12
02/11/2018;15;37;5;17;44;11;7
06/11/2018;14;36;24;43;40;2;9
09/11/2018;49;17;37;32;14;11;12
13/11/2018;10;7;13;2;42;6;3
16/11/2018;9;10;28;41;13;12;1
20/11/2018;6;48;19;45;39;7;12
23/11/2018;25;30;5;26;8;3;10
27/11/2018;17;16;4;32;18;11;2
30/11/2018;3;10;26;23;12;12;1
04/12/2018;21;19;45;20;42;8;9
07/12/2018;17;11;37;48;26;1;10
11/12/2018;4;13;7;42;23;1;3
14/12/2018;29;12;38;44;42;12;2
18/12/2018;1;18;39;48;9;7;5
21/12/2018;12;2;34;50;15;4;3
25/12/2018;8;4;43;31;5;9;2
28/12/2018;34;16;35;45;13;10;12
01/01/2019;11;25;8;28;1;4;6
04/01/2019;19;7;11;37;27;10;6
08/01/2019;19;32;31;3;22;2;11
11/01/2019;19;48;31;39;1;6;1
15/01/2019;33;22;35;25;29;3;6
18/01/2019;5;26;46;6;30;5;10
22/01/2019;29;49;41;9;23;8;10
25/01/2019;15;16;13;6;1;6;10
29/01/2019;39;14;24;32;26;8;3
01/02/2019;3;41;26;46;21;6;1
05/02/2019;31;43;14;25;37;2;3
08/02/2019;46;12;13;39;11;7;10
12/02/2019;34;36;50;41;6;1;5
15/02/2019;49;38;27;34;15;2;10
19/02/2019;19;8;18;1;39;9;7
22/02/2019;50;33;29;3;27;7;3
26/02/2019;29;47;15;3;35;4;3
01/03/2019;9;19;26;31;6;12;11
05/03/2019;16;10;46;39;6;8;11
08/03/2019;40;17;24;19;18;8;4
12/03/2019;5;13;7;19;31;9;2
15/03/2019;46;24;42;15;3;12;9
19/03/2019;9;6;1;47;34;12;7
22/03/2019;17;43;26;4;30;11;6
26/03/2019;47;43;19;23;12;2;6
29/03/2019;13;23;26;47;32;6;10
02/04/2019;9;26;16;2;36;6;7
05/04/2019;7;45;10;1;29;5;3
09/04/2019;38;41;18;29;21;1;11
12/04/2019;46;28;1;35;36;6;9
16/04/2019;1;49;15;8;44;2;11
19/04/2019;32;49;8;7;41;11;5
23/04/2019;23;44;18;27;42;7;2
26/04/2019;33;35;50;47;14;11;9
30/04/2019;20;26;12;48;5;2;11
03/05/2019;2;20;27;43;9;5;6
07/05/2019;32;20;47;7;26;2;11
10/05/2019;1;45;27;4;48;7;1
14/05/2019;14;25;50;10;17;2;10
17/05/2019;42;16;28;43;45;6;7
21/05/2019;47;32;34;33;39;12;8
24/05/2019;5;30;49;23;16;7;6
28/05/2019;28;7;29;19;20;1;5
31/05/2019;1;26;23;35;24;11;1
04/06/2019;31;32;9;39;41;8;2
07/06/2019;34;16;4;1;20;2;5
11/06/2019;27;46;42;25;39;11;12
14/06/2019;30;1;39;13;31;2;7
18/06/2019;44;40;12;37;24;3;7
21/06/2019;9;8;39;25;5;3;7
25/06/2019;27;34;6;26;46;1;9
28/06/2019;1;33;3;49;16;2;11
02/07/2019;11;19;29;44;45;8;12
05/07/2019;2;9;20;34;42;6;9
09/07/2019;7;29;32;36;41;6;7
12/07/2019;2;31;39;45;47;4;8
16/07/2019;3;5;13;18;39;7;8
19/07/2019;13;14;17;26;28;2;7
23/07/2019;1;14;19;23;38;3;7
26/07/2019;2;5;27;37;42;3;10
30/07/2019;15;20;23;27;40;3;6
02/08/2019;13;22;33;44;50;2;5
06/08/2019;12;13;29;36;38;4;12
09/08/2019;2;14;35;41;42;10;11
13/08/2019;13;29;31;33;40;2;3
16/08/2019;9;10;27;37;42;1;5
20/08/2019;20;22;23;24;37;1;4
23/08/2019;4;17;35;42;45;2;8
27/08/2019;8;26;35;43;47;1;9
30/08/2019;25;27;45;46;49;4;6
03/09/2019;7;11;38;39;44;7;10
06/09/2019;10;13;22;40;48;2;5
10/09/2019;3;22;25;30;49;3;6
13/09/2019;1;12;27;42;47;6;7
17/09/2019;22;37;43;44;45;1;12
20/09/2019;8;21;25;38;50;4;8
24/09/2019;2;33;42;47;48;1;2
27/09/2019;24;37;41;43;46;2;8
01/10/2019;2;11;18;40;46;1;4
04/10/2019;6;9;35;41;44;6;9
08/10/2019;7;10;15;44;49;3;12
11/10/2019;2;14;19;42;45;5;6
15/10/2019;3;28;31;32;34;4;5
18/10/2019;8;18;22;41;42;11;12
22/10/2019;2;5;32;33;47;7;8
25/10/2019;34;37;39;40;50;4;10
29/10/2019;16;18;28;42;49;5;10
01/11/2019;2;20;39;44;48;5;7
05/11/2019;9;14;25;33;48;2;12
08/11/2019;8;17;20;23;45;2;8
12/11/2019;1;21;23;25;39;2;4
15/11/2019;3;13;20;32;34;4;11
19/11/2019;8;10;15;30;42;4;6
22/11/2019;3;21;32;34;48;3;11
26/11/2019;2;3;15;19;34;5;8
29/11/2019;3;7;12;42;50;6;8
03/12/2019;18;31;32;38;48;4;12
06/12/2019;1;3;27;39;46;1;10
10/12/2019;2;10;19;21;47;2;8
13/12/2019;9;16;18;23;32;2;10
17/12/2019;1;7;12;25;49;6;9
20/12/2019;8;24;30;32;34;3;4
24/12/2019;3;11;13;14;47;3;6
27/12/2019;1;7;22;26;35;5;10
31/12/2019;26;31;33;41;48;2;4
03/01/2020;5;15;20;36;47;8;12
07/01/2020;5;8;12;37;43;6;11
10/01/2020;6;17;32;44;46;2;6
14/01/2020;21;25;29;39;44;8;9
17/01/2020;8;19;20;29;44;3;8
21/01/2020;10;11;24;36;46;3;5
24/01/2020;3;4;6;9;24;5;8
28/01/2020;1;19;27;31;38;4;5
31/01/2020;13;18;20;23;30;2;4
04/02/2020;21;23;33;35;47;6;7
07/02/2020;9;15;17;25;40;3;9
11/02/2020;24;26;32;43;46;6;10
14/02/2020;5;20;35;41;49;6;10
18/02/2020;11;32;34;38;47;2;10
21/02/2020;7;23;30;32;45;5;9
25/02/2020;1;4;18;27;42;4;6
28/02/2020;8;11;20;22;23;3;4
03/03/2020;4;14;27;44;45;1;10
06/03/2020;15;38;43;45;46;1;11
10/03/2020;11;23;30;37;43;5;12
13/03/2020;3;11;21;27;36;9;10
17/03/2020;5;7;8;16;20;2;12
20/03/2020;3;9;20;34;40;6;12
24/03/2020;7;12;26;30;33;10;11
27/03/2020;11;14;27;41;46;2;3
31/03/2020;12;17;24;30;36;1;9
03/04/2020;16;19;34;46;50;2;6
07/04/2020;4;5;14;33;48;7;12
10/04/2020;3;10;17;33;39;1;4
14/04/2020;6;29;34;35;40;4;11
17/04/2020;16;28;32;37;45;1;11
21/04/2020;10;11;14;23;28;6;8
24/04/2020;1;5;19;21;28;4;7
28/04/2020;15;23;26;28;32;1;5
01/05/2020;19;20;38;45;47;2;6
05/05/2020;2;10;22;27;41;2;3
08/05/2020;8;25;32;33;38;7;9
12/05/2020;9;16;29;37;39;4;11
15/05/2020;11;23;32;34;39;1;6
19/05/2020;5;25;32;37;43;6;7
22/05/2020;3;18;22;27;32;2;7
26/05/2020;4;9;14;21;27;4;6
29/05/2020;4;8;11;19;46;4;8
02/06/2020;10;12;22;26;49;7;11
05/06/2020;5;11;17;24;37;3;6
09/06/2020;5;15;27;36;46;2;8
12/06/2020;2;24;39;45;46;4;8
16/06/2020;4;9;11;17;39;2;10
19/06/2020;5;14;19;24;43;3;11
23/06/2020;2;12;19;46;49;1;8
26/06/2020;1;10;12;21;26;5;11
30/06/2020;1;6;11;28;42;2;10
03/07/2020;4;16;27;37;39;3;6
07/07/2020;12;16;23;33;41;8;10
10/07/2020;15;17;23;30;38;2;7
14/07/2020;11;22;30;37;47;9;10
17/07/2020;7;15;27;41;43;7;9
21/07/2020;14;15;24;29;42;2;4
24/07/2020;8;9;27;28;50;4;12
28/07/2020;9;13;15;17;34;2;7
31/07/2020;21;24;30;46;49;2;5
04/08/2020;1;2;5;15;42;5;8
07/08/2020;5;20;21;36;41;6;11
11/08/2020;8;13;14;42;50;3;9
14/08/2020;9;10;19;42;49;4;12
18/08/2020;6;12;17;34;42;5;12
21/08/2020;10;15;35;44;50;3;5
25/08/2020;7;18;30;37;39;8;10
28/08/2020;7;12;16;17;31;7;9
01/09/2020;4;8;10;33;46;8;11
04/09/2020;6;22;29;40;43;4;7
08/09/2020;2;9;31;35;41;9;12
11/09/2020;34;38;42;43;45;9;12
15/09/2020;16;20;25;30;38;6;8
18/09/2020;2;10;19;25;45;1;7
22/09/2020;16;25;28;39;40;1;6
25/09/2020;19;23;34;37;45;1;7
29/09/2020;4;14;16;41;44;11;12
02/10/2020;6;12;15;40;45;3;9
06/10/2020;4;21;36;41;47;9;11
09/10/2020;11;15;35;41;50;5;8
13/10/2020;5;14;38;41;46;1;10
16/10/2020;15;33;38;40;50;3;6
20/10/2020;5;6;15;37;42;3;4
23/10/2020;10;15;19;21;23;3;12
27/10/2020;13;15;28;32;44;3;12
30/10/2020;12;16;20;21;28;3;9
03/11/2020;5;7;18;20;30;6;7
06/11/2020;7;12;37;40;50;1;2
10/11/2020;3;19;29;32;38;5;12
13/11/2020;1;5;17;28;31;1;10
17/11/2020;16;19;25;30;44;2;6
20/11/2020;28;29;39;48;50;5;7
24/11/2020;25;33;38;42;50;8;12
27/11/2020;2;5;8;14;16;8;9
01/12/2020;14;20;29;47;49;4;12
04/12/2020;14;20;27;34;38;1;11
08/12/2020;1;4;21;24;46;2;12
11/12/2020;6;9;13;24;41;3;12
15/12/2020;9;13;21;29;35;1;2
18/12/2020;2;3;13;17;21;7;8
22/12/2020;2;10;16;42;50;4;11
25/12/2020;16;21;27;30;32;3;5
29/12/2020;7;32;39;40;45;3;8
01/01/2021;16;28;32;44;48;1;9
05/01/2021;12;34;37;38;42;1;3
08/01/2021;18;23;37;41;42;4;6
12/01/2021;2;10;18;34;35;6;9
15/01/2021;4;10;27;38;40;3;11
19/01/2021;25;27;31;35;43;5;6
22/01/2021;8;16;42;44;47;6;7
26/01/2021;5;7;25;37;40;2;8
29/01/2021;1;5;27;36;42;1;6
02/02/2021;18;20;35;38;48;9;12
05/02/2021;12;19;37;44;45;2;6
09/02/2021;5;10;24;31;37;9;10
12/02/2021;7;23;30;32;36;8;12
16/02/2021;5;9;25;29;30;6;7
19/02/2021;4;12;25;46;48;7;12
23/02/2021;9;18;30;39;45;1;3
26/02/2021;6;12;22;29;33;6;11
02/03/2021;2;19;24;26;49;6;7
05/03/2021;4;5;39;46;48;7;10
09/03/2021;1;16;21;32;33;11;12
12/03/2021;4;6;9;11;44;10;11
16/03/2021;23;25;32;35;47;2;6
19/03/2021;3;9;35;43;44;1;10
23/03/2021;2;26;29;36;49;3;9
26/03/2021;10;12;37;49;50;3;8
30/03/2021;24;27;28;29;42;4;8
02/04/2021;4;21;34;40;47;2;5
06/04/2021;2;21;37;38;50;7;8
09/04/2021;2;8;32;35;44;8;11
13/04/2021;16;20;31;47;50;2;8
16/04/2021;6;11;29;40;48;5;9
20/04/2021;5;17;28;41;46;10;11
23/04/2021;3;14;15;19;29;2;8
27/04/2021;13;14;24;35;49;1;10
30/04/2021;1;16;24;28;46;2;11
04/05/2021;3;10;13;28;46;4;11
07/05/2021;14;22;33;38;47;8;9
11/05/2021;14;25;34;43;46;5;6
14/05/2021;6;16;18;29;38;6;11
18/05/2021;5;13;38;39;40;4;12
21/05/2021;2;9;13;15;35;3;10
25/05/2021;1;21;26;30;38;2;8
28/05/2021;11;13;16;34;40;1;12
01/06/2021;3;10;26;35;44;6;7
04/06/2021;7;20;36;40;46;2;4
08/06/2021;2;11;26;36;47;7;9
11/06/2021;9;17;21;33;39;7;11
15/06/2021;11;21;26;30;31;2;3
18/06/2021;11;20;27;30;41;3;5
22/06/2021;6;24;26;27;41;3;8
25/06/2021;1;29;30;33;36;3;12
29/06/2021;6;12;20;24;48;5;6
02/07/2021;9;14;29;38;49;7;10
06/07/2021;2;5;21;27;42;9;11
09/07/2021;6;19;36;37;49;4;11
13/07/2021;5;6;8;11;22;3;4
16/07/2021;5;16;42;47;49;3;11
20/07/2021;3;12;19;41;48;6;9
23/07/2021;23;24;26;34;50;2;4
27/07/2021;5;9;19;21;25;10;12
30/07/2021;10;23;33;35;37;5;10
03/08/2021;17;21;23;45;46;7;11
06/08/2021;7;14;21;26;32;4;12
10/08/2021;9;37;47;48;49;2;7
13/08/2021;6;12;44;47;49;8;12
17/08/2021;12;31;41;42;47;4;6
20/08/2021;3;9;19;20;23;9;11
24/08/2021;19;21;36;44;50;3;10
27/08/2021;2;3;31;46;50;8;12
31/08/2021;5;13;17;32;43;2;10
03/09/2021;5;7;13;29;35;3;7
07/09/2021;7;19;35;42;43;7;9
10/09/2021;1;6;7;18;28;2;8
14/09/2021;12;18;35;38;45;2;8
17/09/2021;5;7;8;10;34;1;9
21/09/2021;20;25;26;30;38;2;8
24/09/2021;2;12;20;27;41;10;12
28/09/2021;6;7;12;33;39;1;7
01/10/2021;1;15;19;26;48;6;12
05/10/2021;11;13;14;36;45;7;9
08/10/2021;1;10;23;42;46;3;5
12/10/2021;6;13;22;45;49;10;11
15/10/2021;21;26;31;34;49;2;5
19/10/2021;4;20;36;40;41;1;6
22/10/2021;12;17;22;33;39;2;12
26/10/2021;12;15;20;42;44;1;2
29/10/2021;10;15;28;32;49;3;9
02/11/2021;2;3;17;29;43;1;4
05/11/2021;2;12;25;30;41;8;11
09/11/2021;17;25;26;33;36;1;8
12/11/2021;2;9;15;47;50;6;9
16/11/2021;9;19;21;32;36;3;4
19/11/2021;22;26;38;47;50;2;6
23/11/2021;17;21;36;42;46;7;10
26/11/2021;1;20;41;42;50;3;7
30/11/2021;19;20;26;33;43;1;4
03/12/2021;21;22;29;32;46;9;10
07/12/2021;22;31;38;46;47;7;11
10/12/2021;11;21;33;38;42;2;8
14/12/2021;19;21;37;47;48;3;6
17/12/2021;1;2;15;30;35;2;7
21/12/2021;12;17;21;34;38;2;3
24/12/2021;2;26;28;34;41;5;10
28/12/2021;4;6;15;17;29;9;12
31/12/2021;7;22;25;43;49;6;7
07/01/2022;2;14;37;44;50;7;11
11/01/2022;4;23;32;33;44;9;12
14/01/2022;6;17;25;31;46;9;12
18/01/2022;3;12;19;24;30;2;5
21/01/2022;5;14;35;36;39;7;12
25/01/2022;6;16;18;39;47;2;4
28/01/2022;10;25;29;34;45;9;10
01/02/2022;1;19;36;38;49;6;9
04/02/2022;3;25;38;43;49;3;7
08/02/2022;6;20;34;37;43;7;10
11/02/2022;13;18;38;42;45;7;11
15/02/2022;9;20;31;33;44;2;12
18/02/2022;25;38;41;43;50;6;10
22/02/2022;5;9;14;26;32;3;7
25/02/2022;10;13;24;30;42;1;5
01/03/2022;8;24;26;39;42;3;5
04/03/2022;6;20;40;42;43;10;12
08/03/2022;12;18;21;25;31;2;9
11/03/2022;12;19;22;23;48;2;6
15/03/2022;1;2;12;19;26;2;8
18/03/2022;1;9;14;17;43;6;12
22/03/2022;7;17;21;29;40;8;11
25/03/2022;6;10;24;27;29;5;12
29/03/2022;8;11;33;42;43;6;11
01/04/2022;2;7;21;31;45;4;10
05/04/2022;1;11;13;24;49;5;6
08/04/2022;1;15;16;38;45;4;11
12/04/2022;21;30;31;35;47;2;10
15/04/2022;6;24;30;32;48;5;6
19/04/2022;2;12;17;28;46;6;10
22/04/2022;6;11;21;35;36;1;9
26/04/2022;4;25;28;34;45;8;11
29/04/2022;10;11;20;36;37;3;7
03/05/2022;8;20;26;47;48;3;8
06/05/2022;3;8;18;24;40;3;11
10/05/2022;3;25;27;28;29;4;9
13/05/2022;3;11;17;45;48;4;8
17/05/2022;5;28;30;48;49;5;11
20/05/2022;8;22;23;32;50;3;9
24/05/2022;10;13;27;36;37;2;10
27/05/2022;15;23;28;34;48;3;5
31/05/2022;3;10;13;42;49;3;9
03/06/2022;12;28;29;34;48;9;11
07/06/2022;6;16;17;25;31;2;6
10/06/2022;17;26;36;37;40;9;12
14/06/2022;2;7;27;34;40;3;11
17/06/2022;19;21;22;31;38;7;11
21/06/2022;6;23;36;39;47;8;10
24/06/2022;10;17;28;44;50;8;12
28/06/2022;10;35;42;47;48;2;11
01/07/2022;6;18;24;34;46;3;12
05/07/2022;7;10;25;45;48;3;6
08/07/2022;28;31;35;43;46;4;7
12/07/2022;14;18;24;25;50;6;11
15/07/2022;9;17;29;38;39;7;10
19/07/2022;6;23;27;40;41;2;12
22/07/2022;16;18;29;32;50;4;11
26/07/2022;3;5;17;25;27;1;9
29/07/2022;3;23;38;43;48;3;8
02/08/2022;7;18;28;40;48;8;11
05/08/2022;3;29;33;35;44;8;10
09/08/2022;18;19;21;27;47;5;11
12/08/2022;14;17;34;35;42;6;10
16/08/2022;10;14;25;32;39;7;8
19/08/2022;2;9;13;19;38;2;6
23/08/2022;19;26;31;39;48;2;3
26/08/2022;22;23;25;38;44;11;12
30/08/2022;4;6;10;15;19;1;4
02/09/2022;7;12;13;20;45;3;12
06/09/2022;7;10;22;29;44;4;5
09/09/2022;17;23;24;26;27;4;9
13/09/2022;9;12;15;40;47;1;11
16/09/2022;10;27;36;45;49;3;4
20/09/2022;11;21;23;32;48;3;12
23/09/2022;14;15;22;35;48;3;8
27/09/2022;4;20;21;34;44;1;3
30/09/2022;1;2;11;16;26;3;12
04/10/2022;3;18;28;42;43;3;12
07/10/2022;26;27;42;45;50;1;12
11/10/2022;8;23;32;35;40;1;8
14/10/2022;24;28;29;34;48;3;7
18/10/2022;3;5;13;42;48;1;6
21/10/2022;25;26;28;38;40;1;6
25/10/2022;7;24;34;39;46;1;6
28/10/2022;14;16;21;28;35;1;11
01/11/2022;19;37;42;47;48;1;6
04/11/2022;2;11;37;45;47;2;3
08/11/2022;3;5;32;33;50;1;8
11/11/2022;2;19;24;25;44;2;10
15/11/2022;13;21;24;31;33;1;12
18/11/2022;13;16;19;35;41;1;11
22/11/2022;21;22;24;29;42;3;11
25/11/2022;19;21;35;37;39;2;6
29/11/2022;15;20;24;35;38;8;12
02/12/2022;12;21;35;39;45;6;11
06/12/2022;12;20;25;26;27;8;12
09/12/2022;8;27;31;46;50;1;3
13/12/2022;3;9;12;26;30;10;11
16/12/2022;2;15;19;35;44;2;7
20/12/2022;1;11;17;20;27;4;5
23/12/2022;16;17;23;26;35;5;11
27/12/2022;19;31;33;34;43;3;5
30/12/2022;17;34;42;47;48;1;9
03/01/2023;20;21;29;45;46;3;10
06/01/2023;16;31;35;44;45;4;12
10/01/2023;11;13;34;40;42;3;10
13/01/2023;4;13;25;33;37;5;10
17/01/2023;18;21;30;46;50;2;6
20/01/2023;3;6;13;40;42;7;11
24/01/2023;11;27;41;43;47;7;11
27/01/2023;8;9;15;19;31;10;12
31/01/2023;7;12;19;33;43;3;7
03/02/2023;2;14;17;32;45;3;10
07/02/2023;2;8;34;44;47;3;9
10/02/2023;3;13;25;36;47;3;8
14/02/2023;24;26;38;43;46;2;3
17/02/2023;8;23;27;42;45;1;9
21/02/2023;21;22;34;41;49;2;7
24/02/2023;7;23;34;42;48;1;3
28/02/2023;12;29;33;37;47;5;10
03/03/2023;3;6;8;24;50;10;11
07/03/2023;11;13;24;35;50;6;11
10/03/2023;9;16;37;38;48;2;7
14/03/2023;16;26;28;31;46;11;12
17/03/2023;5;15;26;37;49;8;11
21/03/2023;1;9;20;29;32;2;3
24/03/2023;5;12;25;36;46;6;10
28/03/2023;16;21;34;36;44;9;10
31/03/2023;16;18;28;34;47;5;10
04/04/2023;10;16;31;33;50;3;8
07/04/2023;5;26;28;36;46;6;12
11/04/2023;10;14;16;19;29;2;10
14/04/2023;4;11;37;44;49;6;7
18/04/2023;17;21;23;35;37;10;11
21/04/2023;7;8;18;33;42;2;8
25/04/2023;10;29;30;40;45;1;12
28/04/2023;11;13;16;23;34;1;10
02/05/2023;7;32;44;47;48;7;8
05/05/2023;3;8;18;34;49;3;7
09/05/2023;13;17;21;28;46;7;9
12/05/2023;9;10;13;39;44;4;6
16/05/2023;4;6;9;14;37;4;11
19/05/2023;18;27;34;41;49;3;9
23/05/2023;5;6;14;23;34;2;11
26/05/2023;15;25;37;38;41;1;7
30/05/2023;27;29;32;33;47;2;8
02/06/2023;3;12;15;25;43;10;11
06/06/2023;13;21;32;39;50;2;10
09/06/2023;18;26;36;41;50;11;12
13/06/2023;15;16;21;41;50;5;6
16/06/2023;7;26;34;41;44;9;11
20/06/2023;11;17;28;32;35;5;6
23/06/2023;1;3;11;33;46;10;11
27/06/2023;17;22;23;27;44;1;7
30/06/2023;1;6;25;29;36;7;10
04/07/2023;14;17;23;36;44;2;8
07/07/2023;2;11;12;19;38;4;8
11/07/2023;2;11;28;42;48;4;9
14/07/2023;5;8;29;35;48;5;6
18/07/2023;4;12;34;35;45;1;9
21/07/2023;7;31;33;35;36;7;10
25/07/2023;5;7;11;27;37;6;12
28/07/2023;7;32;33;34;38;6;9
01/08/2023;25;27;35;40;45;7;11
04/08/2023;15;20;31;44;48;1;3
08/08/2023;8;9;33;35;40;3;6
11/08/2023;4;6;10;13;34;3;5
15/08/2023;3;5;9;32;43;6;10
18/08/2023;23;25;30;44;47;9;12
22/08/2023;2;9;23;32;40;6;7
25/08/2023;16;17;34;35;44;5;10
29/08/2023;21;23;32;40;49;8;11
01/09/2023;4;5;35;37;43;5;6
05/09/2023;1;7;24;41;48;10;12
08/09/2023;10;20;21;26;33;3;4
12/09/2023;5;14;36;40;42;2;11
15/09/2023;12;14;21;45;48;8;11
19/09/2023;10;15;31;41;42;2;5
22/09/2023;3;23;24;34;35;5;8
26/09/2023;2;6;14;19;23;5;7
29/09/2023;9;11;13;21;32;2;7
03/10/2023;6;20;22;24;45;4;5
06/10/2023;21;29;31;34;43;2;9
10/10/2023;18;20;22;33;43;3;9
13/10/2023;21;26;28;40;41;2;4
17/10/2023;10;17;20;35;40;3;4
20/10/2023;2;20;28;40;45;1;5
24/10/2023;8;16;18;31;34;6;9
27/10/2023;29;33;35;48;49;3;8
31/10/2023;5;7;20;40;50;2;10
03/11/2023;8;21;31;39;47;5;9
07/11/2023;8;10;11;30;39;4;10
10/11/2023;10;21;30;38;42;2;12
14/11/2023;18;28;35;36;41;6;11
17/11/2023;;;;;;;
21/11/2023;;;;;;;
24/11/2023;;;;;;;
28/11/2023;;;;;;;
01/12/2023;;;;;;;
05/12/2023;;;;;;;
08/12/2023;;;;;;;
12/12/2023;;;;;;;
15/12/2023;;;;;;;
19/12/2023;;;;;;;
22/12/2023;;;;;;;
26/12/2023;;;;;;;
29/12/2023;;;;;;;
